id;name;code;created_date;modified_date
1;Corporate;framework Frozen;2022-05-20T19:10:28;2022-05-20T17:38:58
2;Pizza;Bacon;2022-05-20T22:33:15;2022-05-20T18:12:53
3;Intelligent;open Indiana;2022-05-20T23:30:48;2022-05-21T07:24:59
4;Nevis e-services payment;Branding;2022-05-21T09:45:47;2022-05-21T15:49:09
5;Consultant asymmetric Keyboard;orchestrate payment;2022-05-20T20:02:05;2022-05-21T01:23:58
6;Associate South AI;PCI;2022-05-21T13:12:14;2022-05-20T22:59:39
7;Polarised override Supervisor;parsing;2022-05-20T16:44:59;2022-05-20T22:08:32
8;reboot Investment;Car;2022-05-20T19:57:36;2022-05-20T17:52:01
9;IB;Home Berkshire structure;2022-05-21T13:14:58;2022-05-20T23:50:25
10;Bedfordshire transform Cambridgeshire;asynchronous Avon leading-edge;2022-05-21T15:55:13;2022-05-21T00:01:59
