id;name;email;phone_number;address;kk_use_id;created_date;modified_date;created_by;modified_by;role
1;platforms deposit;Emmalee_Okuneva@yahoo.com;Account Loan online;capacitor;Massachusetts Liaison Orchestrator;2022-05-21T13:15:48;2022-05-20T18:46:20;Computer calculate;Cotton overriding France;ROLE_WORKER
2;solid Cotton;Mabelle7@gmail.com;revolutionize policy;Borders;Mountain olive Marketing;2022-05-21T06:19:25;2022-05-21T05:32:39;Open-source Outdoors;service-desk;ROLE_SCHOOL
3;parse redefine Directives;Dorothy13@hotmail.com;Indiana dynamic;THX;Mexico PNG;2022-05-21T10:19:12;2022-05-20T21:37:45;Krona composite;California Steel;ROLE_PARENT
4;Principal National Steel;Ariel.Heaney@gmail.com;synthesizing middleware;function;Principal indexing;2022-05-21T09:19:21;2022-05-20T21:35:13;context-sensitive wireless;copy Compatible;ROLE_PARENT
5;silver;Jermain.Jast@gmail.com;North;dynamic Georgia;Handcrafted port panel;2022-05-21T06:57:36;2022-05-21T13:41:56;online extend Tala;Implemented extend;ROLE_MANAGER
6;Skyway Rubber Configuration;Rylan.Bogisich48@yahoo.com;Accountability Account cross-media;USB Computers;Legacy Rhode Agent;2022-05-21T14:19:50;2022-05-20T18:07:18;Operations Ford deposit;Turkey;ROLE_MANAGER
7;channels;Eriberto95@gmail.com;generating Polarised;Licensed magenta compressing;Awesome;2022-05-20T22:46:58;2022-05-20T17:37:05;Locks withdrawal;Computers sky;ROLE_MANAGER
8;Producer synthesize Investor;Denis.Batz@gmail.com;dedicated;Music deliverables;Berkshire Keyboard People's;2022-05-20T20:03:01;2022-05-21T01:52:35;Movies;Mobility Via Brand;ROLE_WORKER
9;Horizontal;Lavonne73@hotmail.com;dedicated Legacy;virtual;Overpass Rubber;2022-05-21T04:52:32;2022-05-20T19:59:31;visionary;Forward Principal;ROLE_SCHOOL
10;bypassing compressing;Pearl97@yahoo.com;Chicken Minnesota;Seychelles violet impactful;Account orchestrate New;2022-05-21T13:56:44;2022-05-21T13:24:46;technologies invoice tan;Plains navigate;ROLE_PARENT
