id;order_number;ordrer_code;created_date;modified_date
1;impactful redefine Officer;deploy;2022-05-21T06:40:08;2022-05-21T01:54:31
2;intranet;calculating technologies;2022-05-21T16:01:51;2022-05-21T07:43:28
3;state;Supervisor invoice paradigms;2022-05-20T20:32:36;2022-05-21T10:20:03
4;Loan Parks;Gorgeous hacking Accountability;2022-05-20T17:10:47;2022-05-21T03:12:31
5;Avon Account;Open-source Unbranded;2022-05-21T14:00:40;2022-05-21T01:39:25
6;multi-byte Dinar;EXE Synchronised;2022-05-21T06:21:18;2022-05-21T16:27:25
7;cross-platform Rial;deposit;2022-05-20T22:04:47;2022-05-21T08:21:43
8;Electronics;vertical Representative Lodge;2022-05-21T09:01:17;2022-05-21T05:02:17
9;Practical Park bleeding-edge;Fresh;2022-05-20T22:34:45;2022-05-20T16:57:33
10;mesh;productize Lead Michigan;2022-05-21T16:44:01;2022-05-20T22:25:38
